-- ============================================================
-- H2 测试数据（完整版，覆盖所有模块）
-- 默认密码: admin123 (BCrypt)
-- ============================================================

-- 用户
INSERT INTO sys_user (id, username, password, real_name, user_type, status) VALUES
(1,  'admin',    '$2a$10$wsuQZy.Lk9w2jqlIOfSeC.TS3ZvAG0jdNpYMilCc1mhvDWo6LQi62', '系统管理员',   2, 1),
(2,  'teacher1', '$2a$10$wsuQZy.Lk9w2jqlIOfSeC.TS3ZvAG0jdNpYMilCc1mhvDWo6LQi62', '张老师', 1, 1),
(3,  'teacher2', '$2a$10$wsuQZy.Lk9w2jqlIOfSeC.TS3ZvAG0jdNpYMilCc1mhvDWo6LQi62', '李辅导员',     1, 1),
(4,  'teacher3', '$2a$10$wsuQZy.Lk9w2jqlIOfSeC.TS3ZvAG0jdNpYMilCc1mhvDWo6LQi62', '王教授', 1, 1),
(5,  'student1', '$2a$10$wsuQZy.Lk9w2jqlIOfSeC.TS3ZvAG0jdNpYMilCc1mhvDWo6LQi62', '李明',   0, 1),
(6,  'student2', '$2a$10$wsuQZy.Lk9w2jqlIOfSeC.TS3ZvAG0jdNpYMilCc1mhvDWo6LQi62', '王芳',   0, 1),
(7,  'student3', '$2a$10$wsuQZy.Lk9w2jqlIOfSeC.TS3ZvAG0jdNpYMilCc1mhvDWo6LQi62', '张伟',   0, 1),
(8,  'student4', '$2a$10$wsuQZy.Lk9w2jqlIOfSeC.TS3ZvAG0jdNpYMilCc1mhvDWo6LQi62', '刘洋',   0, 1),
(9,  'student5', '$2a$10$wsuQZy.Lk9w2jqlIOfSeC.TS3ZvAG0jdNpYMilCc1mhvDWo6LQi62', '陈静',   0, 1),
(10, 'student6', '$2a$10$wsuQZy.Lk9w2jqlIOfSeC.TS3ZvAG0jdNpYMilCc1mhvDWo6LQi62', '赵磊',   0, 1),
(11, 'student7', '$2a$10$wsuQZy.Lk9w2jqlIOfSeC.TS3ZvAG0jdNpYMilCc1mhvDWo6LQi62', '孙悦',   0, 1),
(12, 'student8', '$2a$10$wsuQZy.Lk9w2jqlIOfSeC.TS3ZvAG0jdNpYMilCc1mhvDWo6LQi62', '周杰',   0, 1);

INSERT INTO sys_role (id, role_name, role_code, remark) VALUES
(1, '超级管理员', 'ROLE_ADMIN', '系统最高权限'),
(2, '教师', 'ROLE_TEACHER', '教师/辅导员权限'),
(3, '学生', 'ROLE_STUDENT', '学生权限');

INSERT INTO sys_user_role (user_id, role_id) VALUES
(1,1), (2,2), (3,2), (4,2),
(5,3), (6,3), (7,3), (8,3), (9,3), (10,3), (11,3), (12,3);

-- 学业画像（8个学生）
INSERT INTO academic_student (id, user_id, student_no, major, grade, class_name, gpa, total_credits, required_credits, fail_count, advisor, enrollment_year) VALUES
(1, 5,  '2024001', '计算机科学与技术', '2024级', '计科2401', 3.6, 48.5, 60, 0, '李辅导员', 2024),
(2, 6,  '2024002', '软件工程',         '2024级', '软工2402', 2.8, 42.0, 60, 2, '李辅导员', 2024),
(3, 7,  '2024003', '计算机科学与技术', '2024级', '计科2401', 3.2, 50.0, 60, 0, '李辅导员', 2024),
(4, 8,  '2024004', '数据科学与大数据', '2024级', '大数据2401', 1.8, 35.0, 60, 3, '张老师', 2024),
(5, 9,  '2023005', '人工智能',         '2023级', 'AI2301',   3.9, 95.0, 120, 0, '王教授', 2023),
(6, 10, '2023006', '网络空间安全',     '2023级', '网安2301', 2.5, 78.0, 120, 1, '王教授', 2023),
(7, 11, '2023007', '软件工程',         '2023级', '软工2301', 3.5, 88.0, 120, 0, '张老师', 2023),
(8, 12, '2023008', '计算机科学与技术', '2023级', '计科2301', 3.1, 82.0, 120, 0, '张老师', 2023);

-- 课程（15门）
INSERT INTO academic_course (id, course_no, course_name, credit, course_type, semester, teacher) VALUES
(1,  'CS101', '数据结构与算法',    4.0, 1, '2024-2025-1', '王教授'),
(2,  'CS102', '操作系统',          3.5, 1, '2024-2025-1', '李教授'),
(3,  'CS201', '计算机网络',        3.0, 1, '2024-2025-2', '赵教授'),
(4,  'CS202', '数据库原理',        3.5, 1, '2024-2025-2', '陈教授'),
(5,  'PE101', '大学英语',          2.0, 3, '2024-2025-1', '刘老师'),
(6,  'CS301', '软件工程',          3.0, 1, '2024-2025-2', '周教授'),
(7,  'CS302', '编译原理',          3.5, 2, '2024-2025-2', '吴教授'),
(8,  'AI101', '机器学习',          4.0, 1, '2024-2025-2', '郑教授'),
(9,  'AI201', '深度学习',          3.5, 2, '2025-2026-1', '郑教授'),
(10, 'MA101', '高等数学',          5.0, 1, '2024-2025-1', '钱教授'),
(11, 'MA201', '线性代数',          3.0, 1, '2024-2025-1', '孙教授'),
(12, 'MA301', '概率论与数理统计',  3.0, 1, '2024-2025-2', '钱教授'),
(13, 'CS401', '计算机组成原理',    3.5, 1, '2025-2026-1', '杨教授'),
(14, 'PE201', '大学物理',          4.0, 1, '2024-2025-2', '何教授'),
(15, 'CS501', '软件测试',          2.5, 2, '2025-2026-1', '周教授');

-- 成绩（50条记录，覆盖8个学生×多门课）
INSERT INTO academic_grade (student_id, course_id, score, grade_point, passed, semester, exam_type) VALUES
-- 李明 (student_id=1): 优秀学生
(1, 1,  92, 4.0, 1, '2024-2025-1', 1),
(1, 2,  85, 3.3, 1, '2024-2025-1', 1),
(1, 10, 88, 3.7, 1, '2024-2025-1', 1),
(1, 11, 90, 4.0, 1, '2024-2025-1', 1),
(1, 3,  78, 2.7, 1, '2024-2025-2', 1),
(1, 4,  82, 3.0, 1, '2024-2025-2', 1),
(1, 12, 75, 2.3, 1, '2024-2025-2', 1),
(1, 14, 80, 3.0, 1, '2024-2025-2', 1),
-- 王芳 (student_id=2): 有不及格
(2, 1,  55, 0.0, 0, '2024-2025-1', 1),
(2, 2,  60, 1.0, 1, '2024-2025-1', 2),
(2, 10, 50, 0.0, 0, '2024-2025-1', 1),
(2, 11, 62, 1.0, 1, '2024-2025-1', 1),
(2, 3,  45, 0.0, 0, '2024-2025-2', 1),
(2, 4,  70, 2.0, 1, '2024-2025-2', 1),
(2, 12, 58, 0.0, 0, '2024-2025-2', 1),
-- 张伟 (student_id=3)
(3, 1,  76, 2.3, 1, '2024-2025-1', 1),
(3, 2,  72, 2.0, 1, '2024-2025-1', 1),
(3, 10, 80, 3.0, 1, '2024-2025-1', 1),
(3, 11, 68, 1.7, 1, '2024-2025-1', 1),
(3, 3,  82, 3.0, 1, '2024-2025-2', 1),
(3, 4,  78, 2.7, 1, '2024-2025-2', 1),
(3, 12, 73, 2.3, 1, '2024-2025-2', 1),
-- 刘洋 (student_id=4): 学业困难
(4, 1,  42, 0.0, 0, '2024-2025-1', 1),
(4, 2,  38, 0.0, 0, '2024-2025-1', 1),
(4, 10, 55, 0.0, 0, '2024-2025-1', 1),
(4, 11, 48, 0.0, 0, '2024-2025-1', 1),
(4, 3,  52, 0.0, 0, '2024-2025-2', 1),
(4, 4,  30, 0.0, 0, '2024-2025-2', 1),
-- 陈静 (student_id=5): 优异
(5, 1,  95, 4.0, 1, '2023-2024-1', 1),
(5, 6,  92, 4.0, 1, '2023-2024-2', 1),
(5, 8,  98, 4.0, 1, '2024-2025-2', 1),
(5, 9,  94, 4.0, 1, '2025-2026-1', 1),
-- 赵磊 (student_id=6): 一般
(6, 1,  68, 1.7, 1, '2023-2024-1', 1),
(6, 6,  62, 1.0, 1, '2023-2024-2', 1),
(6, 8,  58, 0.0, 0, '2024-2025-2', 1),
(6, 13, 72, 2.0, 1, '2025-2026-1', 1),
-- 孙悦 (student_id=7): 良好
(7, 6,  85, 3.3, 1, '2023-2024-2', 1),
(7, 7,  78, 2.7, 1, '2024-2025-2', 1),
(7, 8,  82, 3.0, 1, '2024-2025-2', 1),
(7, 14, 80, 3.0, 1, '2024-2025-2', 1),
-- 周杰 (student_id=8): 中等
(8, 1,  72, 2.0, 1, '2023-2024-1', 1),
(8, 6,  70, 2.0, 1, '2023-2024-2', 1),
(8, 8,  75, 2.3, 1, '2024-2025-2', 1),
(8, 12, 68, 1.7, 1, '2024-2025-2', 1),
(8, 14, 65, 1.3, 1, '2024-2025-2', 1);

-- 预警（10条）
INSERT INTO academic_warning (id, student_id, warning_type, warning_level, title, description, is_read, is_handled) VALUES
(1, 2, 1, 2, '挂科预警：数据结构与算法',        '成绩55分未通过考核，需参加补考。',           0, 0),
(2, 2, 1, 2, '挂科预警：高等数学',              '成绩50分未通过考核，需参加补考。',           1, 0),
(3, 2, 3, 1, '学分预警：学分进度滞后',          '已修42学分，距应修60学分差距较大。',         0, 0),
(4, 4, 1, 3, '挂科预警：操作系统',              '成绩38分严重未达标，已挂3门课程。',           0, 0),
(5, 4, 2, 3, '绩点预警：GPA低于2.0',            '当前GPA仅1.8，面临学业警告风险。',            0, 0),
(6, 4, 3, 3, '学分预警：严重滞后',              '已修35学分，只完成58%进度。',                 1, 1),
(7, 6, 1, 2, '挂科预警：机器学习',              '成绩58分未通过考核。',                       0, 0),
(8, 6, 3, 1, '学分预警：进度偏慢',              '已修78学分，距应修120学分需加快进度。',       1, 0),
(9, 2, 4, 1, '出勤预警：大学英语缺勤过多',      '最近4周累计缺勤6次。',                       0, 0),
(10,8, 1, 1, '挂科风险预警：线性代数',          '期中成绩仅42分，期末需大幅提升。',            0, 0);

-- 学习规划（10条）
INSERT INTO academic_study_plan (id, student_id, plan_title, semester, plan_detail, status) VALUES
(1,  1, '2024-2025-2 数据结构强化计划', '2024-2025-2', '1. 每周完成LeetCode 5道算法题\n2. 复习课本重点章节\n3. 参加ACM训练营', 0),
(2,  1, '2024-2025-2 英语四六级备考',   '2024-2025-2', '1. 每天背50个单词\n2. 每周做2套真题\n3. 练习听力30分钟/天', 0),
(3,  2, '数据结构补考复习计划',         '2024-2025-2', '1. 重点复习链表、树、图\n2. 完成课后习题\n3. 每周找老师答疑', 1),
(4,  2, '高等数学补考复习计划',         '2024-2025-2', '1. 复习微积分和线性代数\n2. 完成5套模拟试卷\n3. 参加辅导班', 0),
(5,  3, '2024-2025-2 全面复习计划',     '2024-2025-2', '1. 巩固各科基础\n2. 每周复习2门课\n3. 保持每天学习4小时', 0),
(6,  4, '学业重修综合计划',             '2024-2025-2', '1. 优先重修挂科课程\n2. 每天额外2小时自习\n3. 与辅导员每周面谈', 0),
(7,  5, '2025-2026-1 AI进阶计划',       '2025-2026-1', '1. 研读Transformer论文\n2. 完成一个NLP项目\n3. 参加Kaggle竞赛', 0),
(8,  7, '2025-2026-1 工程能力提升',     '2025-2026-1', '1. 学习微服务架构\n2. 参与开源项目\n3. 撰写技术博客', 0),
(9,  2, '2024-2025-2 软件工程实践',     '2024-2025-2', '1. 完成课程大作业\n2. 学习Git协作\n3. 参与小组项目', 0),
(10, 6, '2025-2026-1 网安专项训练',     '2025-2026-1', '1. 学习渗透测试基础\n2. 搭建实验环境\n3. 考取安全认证', 0);

-- 简历（8份）
INSERT INTO employ_resume (id, student_id, title, content, target_job, target_city, ai_score, is_default) VALUES
(1, 1, '前端开发工程师', '{"education":[{"school":"XX大学","major":"计算机科学与技术","period":"2024-2028"}],"internship":[{"company":"XX科技","role":"前端开发实习生","period":"2025.06-2025.09","desc":"参与React项目开发，负责组件开发和性能优化"}],"skills":["JavaScript","Vue.js","React","TypeScript","Node.js"],"selfIntro":"热爱前端技术，具备良好的学习能力和团队协作精神。"}', '前端开发', '深圳', 85, 1),
(2, 5, 'AI算法工程师',   '{"education":[{"school":"XX大学","major":"人工智能","period":"2023-2027"}],"internship":[{"company":"AI Lab","role":"算法实习生","period":"2025.03-2025.08","desc":"参与NLP模型训练和优化，使用PyTorch框架"}],"skills":["Python","PyTorch","TensorFlow","NLP","CV"],"selfIntro":"对AI技术充满热情，有扎实的数学基础和编程能力。"}', 'AI算法', '北京', 92, 1),
(3, 7, 'Java后端开发',   '{"education":[{"school":"XX大学","major":"软件工程","period":"2023-2027"}],"internship":[{"company":"XX金融","role":"Java开发实习生","period":"2025.07-2025.10","desc":"参与支付系统微服务开发，使用Spring Cloud"}],"skills":["Java","Spring Boot","MySQL","Redis","Docker"],"selfIntro":"热爱后端技术，注重代码质量和系统性能。"}', 'Java开发', '上海', 88, 1),
(4, 3, '数据分析师',     '{"education":[{"school":"XX大学","major":"计算机科学与技术","period":"2024-2028"}],"skills":["Python","SQL","Excel","Tableau","Pandas"],"selfIntro":"对数据敏感，善于从数据中挖掘价值。"}', '数据分析', '广州', 72, 1),
(5, 2, '软件测试工程师', '{"education":[{"school":"XX大学","major":"软件工程","period":"2024-2028"}],"skills":["测试用例设计","自动化测试","Selenium","JMeter"],"selfIntro":"细心负责，对软件质量有追求。"}', '软件测试', '成都', 68, 1),
(6, 6, '网络安全工程师', '{"education":[{"school":"XX大学","major":"网络空间安全","period":"2023-2027"}],"skills":["网络安全","渗透测试","Wireshark","Kali Linux"],"selfIntro":"对网络安全充满好奇，喜欢CTF竞赛。"}', '网络安全', '深圳', 76, 1),
(7, 8, '全栈开发工程师', '{"education":[{"school":"XX大学","major":"计算机科学与技术","period":"2023-2027"}],"skills":["Java","Vue.js","Spring Boot","MySQL","Docker"],"selfIntro":"具备前后端全栈能力，能独立完成项目。"}', '全栈开发', '杭州', 80, 1),
(8, 4, 'IT运维工程师',   '{"education":[{"school":"XX大学","major":"数据科学","period":"2024-2028"}],"skills":["Linux","Shell","Docker","Kubernetes"],"selfIntro":"对运维自动化感兴趣，喜欢解决技术问题。"}', 'IT运维', '南京', 62, 1);

-- 岗位（10个）
INSERT INTO employ_job (id, job_title, company, salary_range, city, education, experience, required_skills, description, job_type, status, publisher_id) VALUES
(1,  'Java开发工程师',  '腾讯科技',   '15k-25k', '深圳', '本科', '1-3年', 'Java,Spring Boot,MySQL,Redis',           '负责后台服务开发与维护，参与系统架构设计。',                             1, 1, 2),
(2,  '前端开发实习生',  '字节跳动',   '8k-12k',  '北京', '本科', '应届',  'JavaScript,Vue.js,React,CSS',            '参与产品前端页面开发，与设计团队协作。',                                 2, 1, 2),
(3,  'AI算法工程师',    '阿里巴巴',   '20k-35k', '杭州', '硕士', '1-3年', 'Python,TensorFlow,PyTorch,NLP',          '负责大模型应用开发和算法优化。',                                         3, 1, 2),
(4,  '数据分析师',      '华为技术',   '12k-20k', '深圳', '本科', '应届',  'Python,SQL,Tableau,Excel',               '负责业务数据分析和可视化报告制作。',                                     1, 1, 3),
(5,  '测试工程师',      '美团',       '10k-16k', '北京', '本科', '1-3年', '自动化测试,Selenium,JMeter,Python',      '负责产品质量保障，编写自动化测试脚本。',                                 1, 1, 3),
(6,  '产品经理',        '百度',       '14k-22k', '北京', '本科', '1-3年', '需求分析,原型设计,Axure,数据分析',        '负责AI产品规划和需求管理。',                                             1, 1, 2),
(7,  '运维工程师',      '网易',       '11k-18k', '广州', '本科', '1-3年', 'Linux,Docker,Kubernetes,Shell',          '负责线上服务的部署、监控和故障处理。',                                   1, 1, 3),
(8,  '网络安全工程师',  '奇安信',     '13k-20k', '北京', '本科', '应届',  '网络安全,渗透测试,Wireshark,Kali',       '负责安全漏洞扫描和渗透测试。',                                           1, 1, 4),
(9,  '全栈开发工程师',  '小米科技',   '16k-24k', '武汉', '本科', '2-5年', 'Java,Vue.js,Spring Cloud,MySQL',         '负责电商平台全栈开发。',                                                 1, 1, 2),
(10, 'UI/UX设计师',     '哔哩哔哩',   '10k-18k', '上海', '本科', '1-3年', 'Figma,Sketch,Adobe XD,用户研究',         '负责B端和C端产品的界面与体验设计。',                                     1, 1, 4);

-- 知识库（8条）
INSERT INTO ai_knowledge_base (id, title, content, category, tags, status) VALUES
(1,  '计算机专业培养方案',     '计算机科学与技术专业培养方案：核心课程包括数据结构、操作系统、计算机网络、数据库、编译原理等。毕业要求修满160学分。',               'course',    '培养方案,计算机',   1),
(2,  '前端开发面试题库',       '常见前端面试题：1. 什么是闭包？2. 事件循环机制？3. Vue响应式原理？4. React Hooks有哪些？5. CSS布局方案对比。',                     'interview', '前端,面试',         1),
(3,  'Java后端面试题库',       'Java面试核心：1. JVM内存模型？2. 垃圾回收机制？3. Spring IOC/AOP原理？4. MySQL索引优化？5. Redis使用场景？',                       'interview', 'Java,面试',         1),
(4,  '学校奖学金评定办法',     '奖学金评定标准：GPA≥3.5可申请一等奖学金，GPA≥3.0可申请二等奖学金。需无挂科记录且无违纪处分。',                                         'school_policy', '奖学金,政策',    1),
(5,  '毕业设计答辩要求',       '毕业设计要求：1. 选题需经导师审核 2. 中期检查提交进度报告 3. 最终答辩需准备PPT和演示系统 4. 论文查重率不超过20%。',                    'school_policy', '毕业设计,答辩',   1),
(6,  'AI算法面试题汇总',       'AI算法面试：1. 过拟合和欠拟合？2. CNN和RNN的区别？3. Transformer架构？4. 损失函数有哪些？5. 梯度消失/爆炸解决方案？',                'interview', 'AI,算法,面试',      1),
(7,  '软件工程专业课程体系',   '软件工程专业核心：软件需求工程、软件设计模式、软件测试与质量保证、软件项目管理、敏捷开发方法论。',                                       'course',    '软件工程,课程',     1),
(8,  '校园招聘常见问题',       '校招FAQ：1. 秋招和春招的区别？2. 如何制作专业简历？3. 面试着装礼仪？4. 面试后如何跟进？5. 薪资谈判技巧？',                           'interview', '校招,求职',         1);

-- 面试记录（12条，覆盖8个学生）
INSERT INTO employ_interview (id, student_id, job_id, interview_type, questions, answers, score, feedback, duration, start_time, end_time) VALUES
-- 李明 (student_id=1): 李辅导员的学生
(1,  1, 1, 1,
 '请介绍自己||描述一个项目经历||如何与团队协作||为什么选择这个职位||未来规划是什么',
 '我是李明，计科专业，擅长前端开发||参与过React项目，负责组件开发||我善于沟通，积极配合同事||前端是我的兴趣方向||希望成为全栈工程师',
 85, '表达清晰，技术基础扎实，项目经验描述具体。建议补充更多量化成果。', 420, '2026-05-01 09:00:00', '2026-05-01 09:07:00'),
(2,  1, 2, 1,
 '自我介绍||谈谈对Vue的理解||如何优化前端性能||做过最有挑战的事||期望薪资',
 '热爱前端，有React和Vue经验||Vue响应式原理是数据劫持加观察者模式||懒加载、CDN、代码分割都能提升性能||独立完成过课程设计项目||期望8k-12k',
 88, '技术理解深入，对前端性能优化有自己的见解。面试状态自信。', 380, '2026-05-03 14:00:00', '2026-05-03 14:06:20'),

-- 王芳 (student_id=2): 李辅导员的学生
(3,  2, 5, 1,
 '自我介绍||对测试工作的理解||自动化测试经验||如何处理与开发的矛盾||五年规划',
 '我是王芳，软件工程专业||测试是质量保障的关键环节||学习过Selenium和JMeter||客观描述问题，提供复现步骤||成为高级测试工程师',
 72, '基础知识尚可，但自动化测试经验不足。建议多实践。', 360, '2026-05-02 10:00:00', '2026-05-02 10:06:00'),

-- 张伟 (student_id=3): 李辅导员的学生
(4,  3, 4, 1,
 '自我介绍||SQL能力如何||数据分析项目经验||为什么选择数据分析||对加班的看法',
 '张伟，计科专业，成绩中等偏上||熟悉SQL增删改查和聚合查询||做过学生成绩数据分析小项目||数据驱动决策是趋势||能接受必要的加班',
 78, 'SQL基础扎实，有数据分析思维。建议学习更多分析工具。', 340, '2026-05-03 10:30:00', '2026-05-03 10:35:40'),

-- 刘洋 (student_id=4): 张老师的学生
(5,  4, 7, 1,
 '自我介绍||对运维的理解||Linux掌握程度||遇到服务器故障怎么办||职业目标',
 '刘洋，大数据专业，对运维有兴趣||运维保障服务稳定运行||熟悉Linux基本命令和Shell脚本||先定位问题再恢复服务||成为SRE工程师',
 65, '有运维兴趣但实践经验不足，建议多做实验项目。', 300, '2026-05-02 15:00:00', '2026-05-02 15:05:00'),
-- 刘洋第二次面试
(6,  4, 5, 1,
 '介绍自己||为什么转测试||测试方法有哪些||自动化写过什么||学习能力如何',
 '上次面试后我重新思考了方向||测试岗位门槛相对较低但成长空间大||黑盒白盒回归测试||写过简单的Python自动化脚本||我正在自学自动化测试框架',
 70, '态度积极，有转方向意愿。需要系统学习测试知识。', 350, '2026-05-05 09:00:00', '2026-05-05 09:05:50'),

-- 陈静 (student_id=5): 王教授的学生，学霸
(7,  5, 3, 1,
 '自我介绍||Transformer原理||项目中使用过哪些模型||如何解决过拟合||未来研究方向',
 '陈静，AI专业，GPA 3.9||Transformer基于自注意力机制||用BERT做过文本分类，准确率92%||数据增强和Dropout是常用方法||对多模态学习很感兴趣',
 95, '学术基础非常扎实，项目经验丰富，表达能力出色。强烈推荐！', 450, '2026-05-01 13:00:00', '2026-05-01 13:07:30'),
(8,  5, 6, 1,
 '自我介绍||对产品经理的理解||如何做需求分析||技术背景的优势||最喜欢的APP分析',
 '我有AI技术背景||产品经理是用户和技术之间的桥梁||用户访谈和数据分析结合||能理解技术边界更高效||微信的简洁设计是经典',
 91, '有技术背景的产品思维，逻辑清晰，有洞察力。', 400, '2026-05-04 10:00:00', '2026-05-04 10:06:40'),

-- 赵磊 (student_id=6): 王教授的学生
(9,  6, 8, 1,
 '自我介绍||网络安全兴趣来源||渗透测试经验||了解哪些安全工具||对CTF的看法',
 '赵磊，网安专业||高中时对黑客技术产生兴趣||在实验室搭建过靶场环境||Wireshark、Nmap、Burp Suite||CTF是很好的学习方式',
 76, '兴趣导向明确，基础工具掌握不错。建议系统学习安全理论。', 370, '2026-05-03 16:00:00', '2026-05-03 16:06:10'),

-- 孙悦 (student_id=7): 张老师的学生
(10, 7, 1, 1,
 '自我介绍||Spring Boot项目经验||微服务理解||如何保证代码质量||职业规划',
 '孙悦，软工专业，GPA 3.5||做过校园二手交易平台（Spring Boot+Vue）||微服务通过拆分服务实现独立部署扩展||单元测试和Code Review很重要||成为架构师',
 86, '全栈能力突出，有实际项目经验，架构意识好。', 410, '2026-05-02 09:30:00', '2026-05-02 09:36:50'),
(11, 7, 9, 1,
 '自我介绍||全栈开发经验||前后端如何选择||项目中最难的Bug||对加班的看法',
 '热爱全栈开发||前后端都熟悉，Vue+Spring生态||根据场景选型，小项目全栈更高效||跨域问题折腾了3天||项目期可以加班',
 82, '全栈思维成熟，问题解决能力强。', 360, '2026-05-04 14:00:00', '2026-05-04 14:06:00'),

-- 周杰 (student_id=8): 张老师的学生
(12, 8, 4, 1,
 '自我介绍||数据分析工具掌握||Python爬虫经验||如何处理脏数据||为什么选择这个岗位',
 '周杰，计科专业||会用Python、Pandas和Tableau||写过招聘网站的爬虫||先分析缺失值再决定填充或删除||数据分析能发现业务价值',
 74, '有基础数据分析能力，工具掌握尚可。建议深入学习统计学。', 330, '2026-05-05 11:00:00', '2026-05-05 11:05:30');
